
INSERT INTO `movies` (`id`, `age_restriction`, `available`, `description`, `dubbing`, `duration`, `genre`, `subtitles`, `three_dimensional`, `title`, `two_dimensional`, `voice_over`) VALUES (9, 13, '1', 'Acclaimed auteur Christopher Nolan directs this World War II thriller about the evacuation of Allied troops from the French city of Dunkirk before Nazi forces can take hold. Tom Hardy, Kenneth Branagh and Mark Rylance co-star, with longtime Nolan collaborator Hans Zimmer providing the score.', '0', 107, 'Action & Adventure, Drama', '1', '1', 'Dunkirk', '1', '0');

INSERT INTO `movies` (`id`, `age_restriction`, `available`, `description`, `dubbing`, `duration`, `genre`, `subtitles`, `three_dimensional`, `title`, `two_dimensional`, `voice_over`) VALUES (8, 18, '1', 'A high-stakes, global action-thriller that takes place in the city of Berlin, on the eve of the Walls collapse and the shifting of superpower alliances. Charlize Theron ("Mad Max: Fury Road") portrays Lorraine Broughton, a top-level spy for MI6, who is dispatched to Berlin to take down a ruthless espionage ring that has just killed an undercover agent for reasons unknown. She is ordered to cooperate with Berlin station chief David Percival (James McAvoy of "X-Men"), and the two form an uneasy alliance, unleashing their full arsenal of skills in pursuing a threat that jeopardizes the Wests entire intelligence operation.', '0', 115, 'Action & Adventure, Drama, Mystery & Suspense', '1', '0', 'Atomic Blonde', '1', '1');
INSERT INTO `users` (`id`, `email`, `password`, `username`) VALUES (32, 'admin@cinema.com', '$2a$10$nCR1PO3n3y7jT/y9ZpHfruV8ifvYZDV29TqiBtuWWGO95MWRC8GXK', 'admin'), (52, 'employee@cinema.com', '$2a$10$BOec8EShyveu4.ThU97SOemr/fM9w5vtM60gDAJ8E5BoJ6alYnOky', 'employee'), (59, 'user@mail.com', '$2a$10$aoH1g0b3mMiSksrZMEo4a.s.lHI7KHuibyBcblqUMQkMbrqX.UfP.', 'user');

INSERT INTO `roles` (`id`, `name`) VALUES (1, 'ROLE_ADMIN'),(2, 'ROLE_USER'),(3, 'ROLE_EMPLOYEE');

INSERT INTO `users_roles` (`role_id`, `user_id`) VALUES (1, 32),(2, 32),(3, 32),(3, 52),(2, 52),(2, 59);

INSERT INTO `rooms` (`id`, `columns`, `name`, `rows`) VALUES (1, 20, 'Room 1', 8),(2, 17, 'Room 2', 9),(3, 18, 'Room 3', 10),(4, 15, 'Room 4', 9);

INSERT INTO `room_seats` (`id`, `label`, `room_id`) VALUES (1, '101', 1),(2, '102', 1),(3, '103', 1),(4, '104', 1),(5, '105', 1),(6, '106', 1),(7, '107', 1),(8, '108', 1),(9, '109', 1),(10, '110', 1),(11, '111', 1),(12, '112', 1),(13, '113', 1),(14, '114', 1),(15, '115', 1),(16, '116', 1),(17, '117', 1),(18, '118', 1),(19, '119', 1),(20, '120', 1),(21, '201', 1),(22, '202', 1),(23, '203', 1),(24, '204', 1),(25, '205', 1),(26, '206', 1),(27, '207', 1),(28, '208', 1),(29, '209', 1),(30, '210', 1),(31, '211', 1),(32, '212', 1),(33, '213', 1),(34, '214', 1),(35, '215', 1),(36, '216', 1),(37, '217', 1),(38, '218', 1),(39, '219', 1),(40, '220', 1),(41, '301', 1),(42, '302', 1),(43, '303', 1),(44, '304', 1),(45, '305', 1),(46, '306', 1),(47, '307', 1),(48, '308', 1),(49, '309', 1),(50, '310', 1),(51, '311', 1),(52, '312', 1),(53, '313', 1),(54, '314', 1),(55, '315', 1),(56, '316', 1),(57, '317', 1),(58, '318', 1),(59, '319', 1),(60, '320', 1),(61, '401', 1),(62, '402', 1),(63, '403', 1),(64, '404', 1),(65, '405', 1),(66, '406', 1),(67, '407', 1),(68, '408', 1),(69, '409', 1),(70, '410', 1),(71, '411', 1),(72, '412', 1),(73, '413', 1),(74, '414', 1),(75, '415', 1),(76, '416', 1),(77, '417', 1),(78, '418', 1),(79, '419', 1),(80, '420', 1),(81, '501', 1),(82, '502', 1),(83, '503', 1),(84, '504', 1),(85, '505', 1),(86, '506', 1),(87, '507', 1),(88, '508', 1),(89, '509', 1),(90, '510', 1),(91, '511', 1),(92, '512', 1),(93, '513', 1),(94, '514', 1),(95, '515', 1),(96, '516', 1),(97, '517', 1),(98, '518', 1),(99, '519', 1),(100, '520', 1),(101, '601', 1),(102, '602', 1),(103, '603', 1),(104, '604', 1),(105, '605', 1),(106, '606', 1),(107, '607', 1),(108, '608', 1),(109, '609', 1),(110, '610', 1),(111, '611', 1),(112, '612', 1),(113, '613', 1),(114, '614', 1),(115, '615', 1),(116, '616', 1),(117, '617', 1),(118, '618', 1),(119, '619', 1),(120, '620', 1),(121, '701', 1),(122, '702', 1),(123, '703', 1),(124, '704', 1),(125, '705', 1),(126, '706', 1),(127, '707', 1),(128, '708', 1),(129, '709', 1),(130, '710', 1),(131, '711', 1),(132, '712', 1),(133, '713', 1),(134, '714', 1),(135, '715', 1),(136, '716', 1),(137, '717', 1),(138, '718', 1),(139, '719', 1),(140, '720', 1),(141, '801', 1),(142, '802', 1),(143, '803', 1),(144, '804', 1),(145, '805', 1),(146, '806', 1),(147, '807', 1),(148, '808', 1),(149, '809', 1),(150, '810', 1),(151, '811', 1),(152, '812', 1),(153, '813', 1),(154, '814', 1),(155, '815', 1),(156, '816', 1),(157, '817', 1),(158, '818', 1),(159, '819', 1),(160, '820', 1),(181, '101', 2),(182, '102', 2),(183, '103', 2),(184, '104', 2),(185, '105', 2),(186, '106', 2),(187, '107', 2),(188, '108', 2),(189, '109', 2),(190, '110', 2),(191, '111', 2),(192, '112', 2),(193, '113', 2),(194, '114', 2),(195, '115', 2),(196, '116', 2),(197, '117', 2),(211, '201', 2),(212, '202', 2),(213, '203', 2),(214, '204', 2),(215, '205', 2),(216, '206', 2),(217, '207', 2),(218, '208', 2),(219, '209', 2),(220, '210', 2),(221, '211', 2),(222, '212', 2),(223, '213', 2),(224, '214', 2),(225, '215', 2),(226, '216', 2),(227, '217', 2),(241, '301', 2),(242, '302', 2),(243, '303', 2),(244, '304', 2),(245, '305', 2),(246, '306', 2),(247, '307', 2),(248, '308', 2),(249, '309', 2),(250, '310', 2),(251, '311', 2),(252, '312', 2),(253, '313', 2),(254, '314', 2),(255, '315', 2),(256, '316', 2),(257, '317', 2),(271, '401', 2),(272, '402', 2),(273, '403', 2),(274, '404', 2),(275, '405', 2),(276, '406', 2),(277, '407', 2),(278, '408', 2),(279, '409', 2),(280, '410', 2),(281, '411', 2),(282, '412', 2),(283, '413', 2),(284, '414', 2),(285, '415', 2),(286, '416', 2),(287, '417', 2),(301, '501', 2),(302, '502', 2),(303, '503', 2),(304, '504', 2),(305, '505', 2),(306, '506', 2),(307, '507', 2),(308, '508', 2),(309, '509', 2),(310, '510', 2),(311, '511', 2),(312, '512', 2),(313, '513', 2),(314, '514', 2),(315, '515', 2),(316, '516', 2),(317, '517', 2),(331, '601', 2),(332, '602', 2),(333, '603', 2),(334, '604', 2),(335, '605', 2),(336, '606', 2),(337, '607', 2),(338, '608', 2),(339, '609', 2),(340, '610', 2),(341, '611', 2),(342, '612', 2),(343, '613', 2),(344, '614', 2),(345, '615', 2),(346, '616', 2),(347, '617', 2),(361, '701', 2),(362, '702', 2),(363, '703', 2),(364, '704', 2),(365, '705', 2),(366, '706', 2),(367, '707', 2),(368, '708', 2),(369, '709', 2),(370, '710', 2),(371, '711', 2),(372, '712', 2),(373, '713', 2),(374, '714', 2),(375, '715', 2),(376, '716', 2),(377, '717', 2),(391, '801', 2),(392, '802', 2),(393, '803', 2),(394, '804', 2),(395, '805', 2),(396, '806', 2),(397, '807', 2),(398, '808', 2),(399, '809', 2),(400, '810', 2),(401, '811', 2),(402, '812', 2),(403, '813', 2),(404, '814', 2),(405, '815', 2),(406, '816', 2),(407, '817', 2),(421, '901', 2),(422, '902', 2),(423, '903', 2),(424, '904', 2),(425, '905', 2),(426, '906', 2),(427, '907', 2),(428, '908', 2),(429, '909', 2),(430, '910', 2),(431, '911', 2),(432, '912', 2),(433, '913', 2),(434, '914', 2),(435, '915', 2),(436, '916', 2),(437, '917', 2),(451, '0101', 3),(452, '0102', 3),(453, '0103', 3),(454, '0104', 3),(455, '0105', 3),(456, '0106', 3),(457, '0107', 3),(458, '0108', 3),(459, '0109', 3),(460, '0110', 3),(461, '0111', 3),(462, '0112', 3),(463, '0113', 3),(464, '0114', 3),(465, '0115', 3),(466, '0116', 3),(467, '0117', 3),(468, '0118', 3),(476, '0201', 3),(477, '0202', 3),(478, '0203', 3),(479, '0204', 3),(480, '0205', 3),(481, '0206', 3),(482, '0207', 3),(483, '0208', 3),(484, '0209', 3),(485, '0210', 3),(486, '0211', 3),(487, '0212', 3),(488, '0213', 3),(489, '0214', 3),(490, '0215', 3),(491, '0216', 3),(492, '0217', 3),(493, '0218', 3),(501, '0301', 3),(502, '0302', 3),(503, '0303', 3),(504, '0304', 3),(505, '0305', 3),(506, '0306', 3),(507, '0307', 3),(508, '0308', 3),(509, '0309', 3),(510, '0310', 3),(511, '0311', 3),(512, '0312', 3),(513, '0313', 3),(514, '0314', 3),(515, '0315', 3),(516, '0316', 3),(517, '0317', 3),(518, '0318', 3),(526, '0401', 3),(527, '0402', 3),(528, '0403', 3),(529, '0404', 3),(530, '0405', 3),(531, '0406', 3),(532, '0407', 3),(533, '0408', 3),(534, '0409', 3),(535, '0410', 3),(536, '0411', 3),(537, '0412', 3),(538, '0413', 3),(539, '0414', 3),(540, '0415', 3),(541, '0416', 3),(542, '0417', 3),(543, '0418', 3),(551, '0501', 3),(552, '0502', 3),(553, '0503', 3),(554, '0504', 3),(555, '0505', 3),(556, '0506', 3),(557, '0507', 3),(558, '0508', 3),(559, '0509', 3),(560, '0510', 3),(561, '0511', 3),(562, '0512', 3),(563, '0513', 3),(564, '0514', 3),(565, '0515', 3),(566, '0516', 3),(567, '0517', 3),(568, '0518', 3),(576, '0601', 3),(577, '0602', 3),(578, '0603', 3),(579, '0604', 3),(580, '0605', 3),(581, '0606', 3),(582, '0607', 3),(583, '0608', 3),(584, '0609', 3),(585, '0610', 3),(586, '0611', 3),(587, '0612', 3),(588, '0613', 3),(589, '0614', 3),(590, '0615', 3),(591, '0616', 3),(592, '0617', 3),(593, '0618', 3),(601, '0701', 3),(602, '0702', 3),(603, '0703', 3),(604, '0704', 3),(605, '0705', 3),(606, '0706', 3),(607, '0707', 3),(608, '0708', 3),(609, '0709', 3),(610, '0710', 3),(611, '0711', 3),(612, '0712', 3),(613, '0713', 3),(614, '0714', 3),(615, '0715', 3),(616, '0716', 3),(617, '0717', 3),(618, '0718', 3),(626, '0801', 3),(627, '0802', 3),(628, '0803', 3),(629, '0804', 3),(630, '0805', 3),(631, '0806', 3),(632, '0807', 3),(633, '0808', 3),(634, '0809', 3),(635, '0810', 3),(636, '0811', 3),(637, '0812', 3),(638, '0813', 3),(639, '0814', 3),(640, '0815', 3),(641, '0816', 3),(642, '0817', 3),(643, '0818', 3),(651, '0901', 3),(652, '0902', 3),(653, '0903', 3),(654, '0904', 3),(655, '0905', 3),(656, '0906', 3),(657, '0907', 3),(658, '0908', 3),(659, '0909', 3),(660, '0910', 3),(661, '0911', 3),(662, '0912', 3),(663, '0913', 3),(664, '0914', 3),(665, '0915', 3),(666, '0916', 3),(667, '0917', 3),(668, '0918', 3),(676, '1001', 3),(677, '1002', 3),(678, '1003', 3),(679, '1004', 3),(680, '1005', 3),(681, '1006', 3),(682, '1007', 3),(683, '1008', 3),(684, '1009', 3),(685, '1010', 3),(686, '1011', 3),(687, '1012', 3),(688, '1013', 3),(689, '1014', 3),(690, '1015', 3),(691, '1016', 3),(692, '1017', 3),(693, '1018', 3),(701, '101', 4),(702, '102', 4),(703, '103', 4),(704, '104', 4),(705, '105', 4),(706, '106', 4),(707, '107', 4),(708, '108', 4),(709, '109', 4),(710, '110', 4),(711, '111', 4),(712, '112', 4),(713, '113', 4),(714, '114', 4),(715, '115', 4),(726, '201', 4),(727, '202', 4),(728, '203', 4),(729, '204', 4),(730, '205', 4),(731, '206', 4),(732, '207', 4),(733, '208', 4),(734, '209', 4),(735, '210', 4),(736, '211', 4),(737, '212', 4),(738, '213', 4),(739, '214', 4),(740, '215', 4),(751, '301', 4),(752, '302', 4),(753, '303', 4),(754, '304', 4),(755, '305', 4),(756, '306', 4),(757, '307', 4),(758, '308', 4),(759, '309', 4),(760, '310', 4),(761, '311', 4),(762, '312', 4),(763, '313', 4),(764, '314', 4),(765, '315', 4),(776, '401', 4),(777, '402', 4),(778, '403', 4),(779, '404', 4),(780, '405', 4),(781, '406', 4),(782, '407', 4),(783, '408', 4),(784, '409', 4),(785, '410', 4),(786, '411', 4),(787, '412', 4),(788, '413', 4),(789, '414', 4),(790, '415', 4),(801, '501', 4),(802, '502', 4),(803, '503', 4),(804, '504', 4),(805, '505', 4),(806, '506', 4),(807, '507', 4),(808, '508', 4),(809, '509', 4),(810, '510', 4),(811, '511', 4),(812, '512', 4),(813, '513', 4),(814, '514', 4),(815, '515', 4),(826, '601', 4),(827, '602', 4),(828, '603', 4),(829, '604', 4),(830, '605', 4),(831, '606', 4),(832, '607', 4),(833, '608', 4),(834, '609', 4),(835, '610', 4),(836, '611', 4),(837, '612', 4),(838, '613', 4),(839, '614', 4),(840, '615', 4),(851, '701', 4),(852, '702', 4),(853, '703', 4),(854, '704', 4),(855, '705', 4),(856, '706', 4),(857, '707', 4),(858, '708', 4),(859, '709', 4),(860, '710', 4),(861, '711', 4),(862, '712', 4),(863, '713', 4),(864, '714', 4),(865, '715', 4),(876, '801', 4),(877, '802', 4),(878, '803', 4),(879, '804', 4),(880, '805', 4),(881, '806', 4),(882, '807', 4),(883, '808', 4),(884, '809', 4),(885, '810', 4),(886, '811', 4),(887, '812', 4),(888, '813', 4),(889, '814', 4),(890, '815', 4),(901, '901', 4),(902, '902', 4),(903, '903', 4),(904, '904', 4),(905, '905', 4),(906, '906', 4),(907, '907', 4),(908, '908', 4),(909, '909', 4),(910, '910', 4),(911, '911', 4),(912, '912', 4),(913, '913', 4),(914, '914', 4),(915, '915', 4);